{
	"format_version": "1.21.6",
	"credit": "Made with Blockbench",
	"texture_size": [32, 32],
	"textures": {
		"1": "golibuk"
	},
	"elements": [
		{
			"from": [9.5, -1, 8.8],
			"to": [13.2, 4, 13.8],
			"rotation": {"angle": 0, "axis": "y", "origin": [6.5, -1, 10.8]},
			"faces": {
				"north": {"uv": [5, 5, 7, 7.5], "texture": "#1"},
				"east": {"uv": [0, 5, 2.5, 7.5], "texture": "#1"},
				"south": {"uv": [7, 5, 9, 7.5], "texture": "#1"},
				"west": {"uv": [5, 0, 7.5, 2.5], "texture": "#1"},
				"up": {"uv": [2, 10, 0, 7.5], "texture": "#1"},
				"down": {"uv": [9.5, 0, 7.5, 2.5], "texture": "#1"}
			}
		},
		{
			"from": [2.9, -2, 2],
			"to": [6.6, 3, 7],
			"rotation": {"angle": 0, "axis": "y", "origin": [-1.1, -2, 4]},
			"faces": {
				"north": {"uv": [2, 7.5, 4, 10], "texture": "#1"},
				"east": {"uv": [2.5, 5, 5, 7.5], "texture": "#1"},
				"south": {"uv": [7.5, 2.5, 9.5, 5], "texture": "#1"},
				"west": {"uv": [5, 2.5, 7.5, 5], "texture": "#1"},
				"up": {"uv": [6, 10, 4, 7.5], "texture": "#1"},
				"down": {"uv": [8, 7.5, 6, 10], "texture": "#1"}
			}
		},
		{
			"from": [8, -1, 4],
			"to": [11.7, 2, 8],
			"rotation": {"angle": 0, "axis": "y", "origin": [4, -2, 6]},
			"faces": {
				"north": {"uv": [2, 7.5, 4, 10], "texture": "#1"},
				"east": {"uv": [2.5, 5, 5, 7.5], "texture": "#1"},
				"south": {"uv": [7.5, 2.5, 9.5, 5], "texture": "#1"},
				"west": {"uv": [5, 2.5, 7.5, 5], "texture": "#1"},
				"up": {"uv": [6, 10, 4, 7.5], "texture": "#1"},
				"down": {"uv": [8, 7.5, 6, 10], "texture": "#1"}
			}
		},
		{
			"from": [1, -1, 8],
			"to": [4.7, 2, 12],
			"rotation": {"angle": 0, "axis": "y", "origin": [-3, -2, 10]},
			"faces": {
				"north": {"uv": [2, 7.5, 4, 10], "texture": "#1"},
				"east": {"uv": [2.5, 5, 5, 7.5], "texture": "#1"},
				"south": {"uv": [7.5, 2.5, 9.5, 5], "texture": "#1"},
				"west": {"uv": [5, 2.5, 7.5, 5], "texture": "#1"},
				"up": {"uv": [6, 10, 4, 7.5], "texture": "#1"},
				"down": {"uv": [8, 7.5, 6, 10], "texture": "#1"}
			}
		},
		{
			"from": [7.9, -8.4, 0.5],
			"to": [9.9, -6.4, 2.5],
			"rotation": {"angle": 0, "axis": "y", "origin": [8, -8, 0]},
			"faces": {
				"north": {"uv": [2, 10, 3, 11], "texture": "#1"},
				"east": {"uv": [3, 10, 4, 11], "texture": "#1"},
				"south": {"uv": [4, 10, 5, 11], "texture": "#1"},
				"west": {"uv": [5, 10, 6, 11], "texture": "#1"},
				"up": {"uv": [7, 11, 6, 10], "texture": "#1"},
				"down": {"uv": [8, 10, 7, 11], "texture": "#1"}
			}
		},
		{
			"from": [7, -1, 7],
			"to": [9, 6, 9],
			"rotation": {"angle": 0, "axis": "y", "origin": [7, 0, 7]},
			"faces": {
				"north": {"uv": [9.5, 0, 10.5, 3.5], "texture": "#1"},
				"east": {"uv": [9.5, 3.5, 10.5, 7], "texture": "#1"},
				"south": {"uv": [8, 9.5, 9, 13], "texture": "#1"},
				"west": {"uv": [9, 9.5, 10, 13], "texture": "#1"},
				"up": {"uv": [11, 10.5, 10, 9.5], "texture": "#1"},
				"down": {"uv": [11.5, 0, 10.5, 1], "texture": "#1"}
			}
		},
		{
			"from": [3, 6, 7],
			"to": [13, 11, 9],
			"rotation": {"angle": 0, "axis": "y", "origin": [7, 6, 7]},
			"faces": {
				"north": {"uv": [0, 0, 5, 2.5], "texture": "#1"},
				"east": {"uv": [0, 10, 1, 12.5], "texture": "#1"},
				"south": {"uv": [0, 2.5, 5, 5], "texture": "#1"},
				"west": {"uv": [1, 10, 2, 12.5], "texture": "#1"},
				"up": {"uv": [13, 8.5, 8, 7.5], "texture": "#1"},
				"down": {"uv": [13, 8.5, 8, 9.5], "texture": "#1"}
			}
		}
	],
	"display": {
		"thirdperson_righthand": {
			"translation": [0, 1.5, 0],
			"scale": [0.58, 0.58, 0.58]
		},
		"thirdperson_lefthand": {
			"translation": [0, 2.5, 0],
			"scale": [0.58, 0.58, 0.58]
		},
		"firstperson_righthand": {
			"rotation": [0, 104, 0],
			"translation": [0, 8.5, 0]
		},
		"firstperson_lefthand": {
			"rotation": [0, 104, 0],
			"translation": [0, 8.5, 0]
		},
		"ground": {
			"translation": [0, 1.75, 0],
			"scale": [0.77, 0.77, 0.77]
		},
		"gui": {
			"rotation": [0, -180, 0],
			"translation": [0, 3.5, 0],
			"scale": [0.68, 0.68, 0.68]
		},
		"head": {
			"translation": [0, 14.5, 0]
		},
		"fixed": {
			"translation": [0, 6, -0.75],
			"scale": [1, 1, 0.23828]
		}
	}
}